{
  "astar_demo": {
    "from": 6,
    "to": 11,
    "cost_time": 6.60684405966561,
    "path": [
      6,
      10,
      11
    ]
  },
  "bfs_demo_path": [
    6,
    7,
    11
  ],
  "dfs_demo_path": [
    6,
    10,
    11
  ],
  "cluster_routes": {
    "0": [
      6,
      7,
      11,
      10
    ],
    "1": [
      6,
      3,
      2,
      1
    ],
    "2": [
      6,
      9,
      5,
      4,
      0,
      8
    ]
  },
  "cluster_costs_time": {
    "0": 10.643319257813438,
    "1": 9.796275568347625,
    "2": 25.480623275880816
  },
  "optimized_total_cost_time": 45.92021810204188,
  "baseline_route": [
    6,
    0,
    1,
    2,
    3,
    4,
    5,
    6,
    7,
    8,
    9,
    10,
    11
  ],
  "baseline_total_cost_time": 77.94504353518928,
  "improvement_percent": 41.08641676322804
}